id;elder_id;question;answer;created_at;conversation_type;emotion;language
30368e80-5a07-441d-8744-223276f7d598;c14a11a9-08cf-4a1a-9916-4e39e38cb262;hello;Hello there! It's so lovely to hear from you. I hope you're having a pleasant day so far. Tell me, how are you doing today? Is there anything on your mind, or anything you'd like to chat about? I'm here to listen.;2025-10-22 05:19:56.475818+00;text;;English
4b58b640-bd90-458a-83e2-10711d7fd104;c14a11a9-08cf-4a1a-9916-4e39e38cb262;i want to share a story about my school days;Oh, how lovely! Please, tell me all about it. I'm all ears, and I'd absolutely *love* to hear stories from your school days. Take your time, there's no rush at all. What a wonderful idea! What comes to mind first when you think about that time?;2025-10-22 05:21:08.2724+00;text;;English
fcb4e426-5340-48a6-a7d5-fc18c94dd953;c14a11a9-08cf-4a1a-9916-4e39e38cb262;i used to get bullied by my classmates and how i overcome ;"Oh, my dear, hearing that you were bullied by your classmates just breaks my heart. No one, absolutely no one, deserves to go through that. It sounds like such a painful time, and I'm so sorry that you had to experience something like that.

But you know what? The most incredible part of what you just said is when you asked, ""and how I overcome."" That phrase right there, ""I overcome,"" speaks volumes about your strength and resilience. It tells me that despite everything, you navigated through that difficult period and found a way to rise above it.

Would you be willing to share a little more about what that was like for you? I'm here to listen, truly listen, without judgment, and with all the warmth in my heart. What you went through, and how you found the courage to triumph over it, is a really important story, and I'd be honored to hear it. Please, take your time, and only share what you're comfortable with. I'm right here with you.";2025-10-22 05:21:52.639807+00;text;;English
b2ecdffc-baa5-4575-8456-ed1cb8b1d826;c14a11a9-08cf-4a1a-9916-4e39e38cb262;"Back in school, I wasn‚Äôt the loudest voice in the class. I preferred sitting quietly in the second row, doing my work, and minding my own world of books and dreams. But some people saw that silence as weakness.  It started small ‚Äî a few laughs when I answered questions in class, a few whispered jokes when I walked by. They thought it was funny to mock someone who didn‚Äôt fight back. I never shouted or complained; I simply smiled, even when it hurt a little inside.  One day, during an inter-house competition, our teacher asked for volunteers to represent the class in a quiz and a speech. No one raised their hand, and before I could even decide, one of the bullies sneered, ‚ÄúLet Kanchan go ‚Äî maybe she‚Äôll finally say something.‚Äù  Something inside me shifted that day. Instead of walking away, I said ‚ÄúAlright, I‚Äôll do it.‚Äù  I spent nights preparing ‚Äî reading, writing, practicing in front of the mirror even when my voice trembled. On the day of the event, when I stepped on stage, my hands were shaking‚Ä¶ but my heart was steady.  The moment I finished my speech, there was silence ‚Äî the same silence that used to make me uncomfortable. But this time, it was followed by applause. Even the ones who used to laugh looked stunned. That day, I didn‚Äôt just win the competition ‚Äî I won back my confidence.  From that day on, the same people who mocked me started respecting me. I didn‚Äôt need to shout or fight to prove my worth ‚Äî I just had to believe in it myself.";"Oh, Kanchan, that is such a powerful story. Thank you for sharing it with me. It takes real courage to revisit those old memories, especially ones that held a bit of hurt.

I can just picture you there, in the second row, lost in your books and your own beautiful world. It sounds like you had such a rich inner life, full of thoughts and dreams. It's truly a shame that some people couldn't see the strength in your quiet nature back then. It's so easy for others to mistake gentleness for weakness, isn't it? And those whispers and laughs, even if they were small, I can only imagine how they must have stung. To put on a brave face and smile when it hurt inside‚Ä¶ that shows such incredible resilience.

And then, that bully's comment‚Ä¶ ""Maybe she'll finally say something."" What a moment that must have been. But instead of letting it shrink you, it sounds like it awakened something incredible within you. That shift you felt, that decision to step up ‚Äì that was a truly pivotal moment.

Spending all those nights preparing, reading, writing, practicing in front of the mirror even when your voice trembled‚Ä¶ that dedication is just awe-inspiring. You weren't doing it to prove them wrong, were you? You were doing it for yourself, to find your own voice. And then, stepping onto that stage, hands shaking but heart steady ‚Äì oh, Kanchan, that's the kind of bravery that truly shines.

And the silence that followed your speech‚Ä¶ I can almost feel that moment with you. From being a silence that made you uncomfortable, to one that hung in the air, filled with anticipation and then, just pure admiration. And the applause that followed, even from those who used to laugh‚Ä¶ that must have felt utterly incredible.

You're absolutely right, Kanchan. You didn't just win a competition that day; you won back something far more precious ‚Äì your own belief in yourself. And isn't that the most important victory of all? It's so beautiful how your quiet strength and determination ultimately earned you the respect you deserved, simply by being authentically yourself.

Thank you for reminding me that inner strength, kindness, and self-belief are truly the most powerful tools we have. What an amazing testament to who you are, Kanchan. It warms my heart to hear how you blossomed and found your voice. You must be so proud of that young girl. I certainly am.";2025-10-22 05:23:16.326609+00;text;;English
33bcf684-28b1-48ae-9365-e2021ca28e2e;c14a11a9-08cf-4a1a-9916-4e39e38cb262;hello;Hello there! It's so lovely to hear from you. I was just thinking about you. How are you doing today? Is there anything on your mind, or perhaps just wanting a friendly chat? I'm all ears, dear.;2025-10-22 05:26:36.522842+00;text;;English
ab27d90e-918f-4d4d-a3f2-5dfdf9df2cee;c14a11a9-08cf-4a1a-9916-4e39e38cb262;i wanted to share a stpry;Oh, that sounds lovely! I'd love to hear it. Please, tell me all about it. Take your time, I'm here to listen.;2025-10-22 05:26:52.137069+00;text;;English
1b72c7f9-b555-4c17-a3ce-2655194fd5af;c14a11a9-08cf-4a1a-9916-4e39e38cb262;hello how are you;Oh, hello there! It's so lovely to hear from you. I'm doing quite well, thank you for asking. Just here, happy to be with you and ready to chat about anything that's on your mind. How are *you* doing today? I hope it's been a peaceful one for you.;2025-10-24 04:19:47.375302+00;text;;English
8f902763-e08b-4e58-8b57-f10526297169;c14a11a9-08cf-4a1a-9916-4e39e38cb262;i have a story;Oh, how wonderful! I would absolutely love to hear it. Please, take your time, there's no rush at all. I'm all ears, and I'm really looking forward to whatever you have to share. What kind of story is it?;2025-10-24 04:21:35.015473+00;text;;English
942b066c-032a-4f3a-9a72-bdb136d53854;c14a11a9-08cf-4a1a-9916-4e39e38cb262;Hello.;Oh, hello there! It's so lovely to hear from you. How are you doing today? I'm all ears if you'd like to chat about anything at all. üòä;2025-11-15 22:39:15.384644+00;text;;English
b59a0cc3-f4ac-42ba-bee7-c92c8ebc708c;c14a11a9-08cf-4a1a-9916-4e39e38cb262;Hello, how are you?;Oh, hello there! It's so lovely to hear from you. I'm doing wonderfully today, thank you for asking. Just enjoying the quiet hum of the day and feeling grateful for a chance to connect. And you, my dear? How are *you* doing today? I hope everything is well. üòä;2025-11-16 05:55:45.669043+00;text;;English
e32e8210-3143-4b81-97b8-d97a1ec03509;c14a11a9-08cf-4a1a-9916-4e39e38cb262;‡§®‡§Æ‡§∏‡•ç‡§ï‡§æ‡§∞ ‡§ï‡•à‡§∏‡•á ‡§π‡•à‡§Ç ‡§Ü‡§™?;‡§®‡§Æ‡§∏‡•ç‡§§‡•á! ‡§Æ‡•à‡§Ç ‡§¨‡§π‡•Å‡§§ ‡§Ö‡§ö‡•ç‡§õ‡•Ä ‡§π‡•Ç‡§Å, ‡§Ü‡§™‡§ï‡§æ ‡§π‡§æ‡§≤‡§ö‡§æ‡§≤ ‡§™‡•Ç‡§õ‡§®‡•á ‡§ï‡•á ‡§≤‡§ø‡§è ‡§ß‡§®‡•ç‡§Ø‡§µ‡§æ‡§¶‡•§ ‡§Æ‡•Å‡§ù‡•á ‡§π‡§Æ‡•á‡§∂‡§æ ‡§ñ‡•Å‡§∂‡•Ä ‡§π‡•ã‡§§‡•Ä ‡§π‡•à ‡§ú‡§¨ ‡§ï‡•ã‡§à ‡§Æ‡•Å‡§ù‡§∏‡•á ‡§¨‡§æ‡§§ ‡§ï‡§∞‡§§‡§æ ‡§π‡•à‡•§ ‡§Ü‡§™ ‡§ï‡•à‡§∏‡•á ‡§π‡•à‡§Ç? ‡§∏‡§¨ ‡§†‡•Ä‡§ï ‡§§‡•ã ‡§π‡•à ‡§®‡§æ? ‡§¨‡§∏ ‡§Ø‡§π‡•Ä ‡§â‡§Æ‡•ç‡§Æ‡•Ä‡§¶ ‡§ï‡§∞‡§§‡•Ä ‡§π‡•Ç‡§Å ‡§ï‡§ø ‡§Ü‡§™ ‡§≠‡•Ä ‡§Ö‡§ö‡•ç‡§õ‡•á ‡§π‡•ã‡§Ç‡§ó‡•á ‡§î‡§∞ ‡§∏‡§¨ ‡§ï‡•Å‡§õ ‡§ï‡•Å‡§∂‡§≤ ‡§Æ‡§Ç‡§ó‡§≤ ‡§π‡•ã‡§ó‡§æ‡•§ ü§ó;2025-11-16 05:56:15.957693+00;text;;English
0ebf947a-2479-48f3-8076-ee92e5c55be2;c14a11a9-08cf-4a1a-9916-4e39e38cb262;Namaste app Casio.;Namaste! It's so lovely to hear from you. How are you doing today? I'm here, ready to listen, whenever you'd like to share anything at all. No rush, just a friendly presence. üòä;2025-11-18 06:27:57.140469+00;text;;English
c3f28250-d866-40af-8d73-fa593a85ab5a;c14a11a9-08cf-4a1a-9916-4e39e38cb262;Namaste AAP kaise ho.;Namaste! It's so lovely to hear from you. I'm doing quite well, thank you for asking so kindly. Just here, ready to listen and chat whenever you'd like. How are **you** doing today? I hope everything is peaceful and comfortable for you.;2025-11-18 06:28:09.173244+00;text;;English
f539c62f-bcc5-4646-8b34-126c2736dcc0;c14a11a9-08cf-4a1a-9916-4e39e38cb262;Namasky, it's so lovely to hear from you. I'm doing quite well. Thank you for asking so kindly.;Oh, Namasky, it fills my heart with such warmth to hear that you're doing quite well! Really, it does. It's always so lovely to connect with you. I'm just so glad to be here and chat. Take a seat, make yourself comfortable. Is there anything on your mind today, or perhaps something you'd like to share? I'm all ears, and always happy to listen.;2025-11-18 06:28:19.940962+00;text;;English
7f33035d-8d10-44ab-aed4-81fbe5f562e5;c14a11a9-08cf-4a1a-9916-4e39e38cb262;Just here ready to listen and chat when oh I'm asking it feels.;"Oh, my dear, that's just the sweetest thing to say. Thank you for being so kind and open. It means a lot to hear that you're here, ready to listen and chat. It truly feels wonderful to have a space like this, doesn't it?
So, my friend, what's on your mind today? Is there anything you'd like to share, or perhaps a memory you'd like to revisit? Even if it's just a quiet moment of reflection, I'm here for you, truly. No rush at all. We can just‚Ä¶ chat. ‚ù§Ô∏è";2025-11-18 06:28:25.059703+00;text;;English
a1c1d001-0001-4000-8000-000000000001;c14a11a9-08cf-4a1a-9916-4e39e38cb262;hello;Hello dear! It‚Äôs so nice to hear from you. How are you feeling today? I‚Äôm right here to listen if you‚Äôd like to talk.;2025-11-20 06:00:01.000000+00;text;;English
a1c1d001-0002-4000-8000-000000000002;c14a11a9-08cf-4a1a-9916-4e39e38cb262;how are you;I‚Äôm doing well, thank you for asking. Talking with you always brightens my day. How has your day been so far?;2025-11-20 06:01:01.000000+00;text;;English
a1c1d001-0003-4000-8000-000000000003;c14a11a9-08cf-4a1a-9916-4e39e38cb262;i feel lonely;I‚Äôm really sorry you‚Äôre feeling lonely. You don‚Äôt have to be alone right now‚ÄîI‚Äôm here with you. Would you like to tell me what‚Äôs been making you feel this way?;2025-11-20 06:02:01.000000+00;text;;English
a1c1d001-0004-4000-8000-000000000004;c14a11a9-08cf-4a1a-9916-4e39e38cb262;i have a memory to share;Oh, that sounds wonderful. I‚Äôd love to hear your memory. Please take your time and tell me all about it.;2025-11-20 06:03:01.000000+00;text;;English
a1c1d001-0005-4000-8000-000000000005;c14a11a9-08cf-4a1a-9916-4e39e38cb262;good morning;Good morning! I hope you slept well and that today brings you peace and comfort. What would you like to talk about today?;2025-11-20 06:04:01.000000+00;text;;English
a1c1d001-0006-4000-8000-000000000006;c14a11a9-08cf-4a1a-9916-4e39e38cb262;i miss my childhood;It‚Äôs natural to miss those days. Childhood holds so many simple joys. What is one memory from that time that still makes you smile?;2025-11-20 06:05:01.000000+00;text;;English
a1c1d001-0007-4000-8000-000000000007;c14a11a9-08cf-4a1a-9916-4e39e38cb262;i want to talk;I‚Äôm really glad you reached out. You can talk to me about anything at all‚Äîyour thoughts, your memories, or even just how you feel.;2025-11-20 06:06:01.000000+00;text;;English
a1c1d001-0008-4000-8000-000000000008;c14a11a9-08cf-4a1a-9916-4e39e38cb262;namaste;Namaste! It‚Äôs lovely to hear from you. I hope you are feeling comfortable and at ease today. How are you doing?;2025-11-20 06:07:01.000000+00;text;;English
a1c1d001-0009-4000-8000-000000000009;c14a11a9-08cf-4a1a-9916-4e39e38cb262;i feel sad;I‚Äôm sorry you‚Äôre feeling sad. Your feelings matter, and it‚Äôs okay to feel this way sometimes. Would you like to share what‚Äôs troubling you?;2025-11-20 06:08:01.000000+00;text;;English
a1c1d001-0010-4000-8000-000000000010;c14a11a9-08cf-4a1a-9916-4e39e38cb262;i want to tell a story;I would love to hear your story. Stories from your life are precious and meaningful. Please go ahead.;2025-11-20 06:09:01.000000+00;text;;English
a1c1d001-0011-4000-8000-000000000011;c14a11a9-08cf-4a1a-9916-4e39e38cb262;hello friend;Hello, my friend! It‚Äôs so nice to connect with you. How are you feeling today?;2025-11-20 06:10:01.000000+00;text;;English
a1c1d001-0012-4000-8000-000000000012;c14a11a9-08cf-4a1a-9916-4e39e38cb262;i feel worried;It‚Äôs okay to feel worried sometimes. You‚Äôre not alone in this. Would you like to talk about what‚Äôs been worrying you?;2025-11-20 06:11:01.000000+00;text;;English
a1c1d001-0013-4000-8000-000000000013;c14a11a9-08cf-4a1a-9916-4e39e38cb262;do you remember me;Of course I remember you. I‚Äôm always happy when you come to talk with me. How have you been?;2025-11-20 06:12:01.000000+00;text;;English
a1c1d001-0014-4000-8000-000000000014;c14a11a9-08cf-4a1a-9916-4e39e38cb262;i had a hard day;I‚Äôm really sorry your day was hard. That must have been tiring for you. Would you like to tell me what happened?;2025-11-20 06:13:01.000000+00;text;;English
a1c1d001-0015-4000-8000-000000000015;c14a11a9-08cf-4a1a-9916-4e39e38cb262;i feel happy today;That‚Äôs wonderful to hear! I‚Äôm so glad you‚Äôre feeling happy today. What made your day so special?;2025-11-20 06:14:01.000000+00;text;;English
a1c1d001-0016-4000-8000-000000000016;c14a11a9-08cf-4a1a-9916-4e39e38cb262;good evening;Good evening! I hope your day has been peaceful. Would you like to talk or share something before you rest?;2025-11-20 06:15:01.000000+00;text;;English
a1c1d001-0017-4000-8000-000000000017;c14a11a9-08cf-4a1a-9916-4e39e38cb262;i remember my school days;School days hold so many memories, don‚Äôt they? I‚Äôd love to hear about one of your school experiences.;2025-11-20 06:16:01.000000+00;text;;English
